created_at,id_str,retweet_count
"Wed Jan 11 04:49:11 +0000 2023","1613035270412316680",257
"Wed Jan 11 04:49:10 +0000 2023","1613035266385797120",20613
"Wed Jan 11 04:49:10 +0000 2023","1613035265840353280",882
"Wed Jan 11 04:49:10 +0000 2023","1613035265777442817",18722
"Wed Jan 11 04:49:10 +0000 2023","1613035264536109056",51
"Wed Jan 11 04:49:10 +0000 2023","1613035264506568705",0
"Wed Jan 11 04:49:10 +0000 2023","1613035262858199041",17321
"Wed Jan 11 04:49:09 +0000 2023","1613035262417989632",7
"Wed Jan 11 04:49:09 +0000 2023","1613035262329905155",0
"Wed Jan 11 04:49:09 +0000 2023","1613035260719124480",1945
"Wed Jan 11 04:49:09 +0000 2023","1613035260274434048",99
"Wed Jan 11 04:49:09 +0000 2023","1613035260174041089",6
"Wed Jan 11 04:49:09 +0000 2023","1613035259943178240",8976
"Wed Jan 11 04:49:09 +0000 2023","1613035259129389056",92
"Wed Jan 11 04:49:08 +0000 2023","1613035257145724929",93
"Wed Jan 11 04:49:08 +0000 2023","1613035256315105280",0
"Wed Jan 11 04:49:08 +0000 2023","1613035256126357505",3842
"Wed Jan 11 04:49:08 +0000 2023","1613035255015047168",1
"Wed Jan 11 04:49:08 +0000 2023","1613035254721265672",16
"Wed Jan 11 04:49:08 +0000 2023","1613035254440148992",0
"Wed Jan 11 04:49:07 +0000 2023","1613035253626540034",924
"Wed Jan 11 04:49:06 +0000 2023","1613035248098643968",792
"Wed Jan 11 04:49:06 +0000 2023","1613035247565959170",133
"Wed Jan 11 04:49:06 +0000 2023","1613035247238631424",2611
"Wed Jan 11 04:49:06 +0000 2023","1613035246324269056",277
"Wed Jan 11 04:49:05 +0000 2023","1613035245657534465",88
"Wed Jan 11 04:49:05 +0000 2023","1613035245422481408",2314
"Wed Jan 11 04:49:05 +0000 2023","1613035245409902593",26
"Wed Jan 11 04:49:05 +0000 2023","1613035241865728001",51
"Wed Jan 11 04:49:05 +0000 2023","1613035241836523520",0
"Wed Jan 11 04:49:04 +0000 2023","1613035240368541696",67
"Wed Jan 11 04:49:04 +0000 2023","1613035239684870144",0
"Wed Jan 11 04:49:04 +0000 2023","1613035239663718401",1095
"Wed Jan 11 04:49:04 +0000 2023","1613035239017693185",0
"Wed Jan 11 04:49:04 +0000 2023","1613035238350782464",8976
"Wed Jan 11 04:49:03 +0000 2023","1613035236832739335",3843
"Wed Jan 11 04:49:03 +0000 2023","1613035234370670593",2259
"Wed Jan 11 04:49:02 +0000 2023","1613035233183694849",271
"Wed Jan 11 04:49:02 +0000 2023","1613035232177033217",383
"Wed Jan 11 04:49:01 +0000 2023","1613035228662231040",150
"Wed Jan 11 04:49:01 +0000 2023","1613035228599324673",4233
"Wed Jan 11 04:49:01 +0000 2023","1613035227353317376",1945
"Wed Jan 11 04:49:01 +0000 2023","1613035226833330177",1346
"Wed Jan 11 04:49:01 +0000 2023","1613035226581839872",104
"Wed Jan 11 04:49:01 +0000 2023","1613035226149621760",48
"Wed Jan 11 04:49:00 +0000 2023","1613035224530669568",287
"Wed Jan 11 04:49:00 +0000 2023","1613035223389798402",1346
"Wed Jan 11 04:49:00 +0000 2023","1613035220663521280",0
"Wed Jan 11 04:48:59 +0000 2023","1613035220328124416",0
"Wed Jan 11 04:48:58 +0000 2023","1613035215768924162",20613
"Wed Jan 11 04:48:58 +0000 2023","1613035214858555399",13
"Wed Jan 11 04:48:58 +0000 2023","1613035214791639041",0
"Wed Jan 11 04:48:58 +0000 2023","1613035212941705217",0
"Wed Jan 11 04:48:58 +0000 2023","1613035212673536000",482
"Wed Jan 11 04:48:58 +0000 2023","1613035212539322368",0
"Wed Jan 11 04:48:57 +0000 2023","1613035210190499846",41
"Wed Jan 11 04:48:57 +0000 2023","1613035208185446400",113
"Wed Jan 11 04:48:56 +0000 2023","1613035207791185920",1346
"Wed Jan 11 04:48:56 +0000 2023","1613035207036133376",1
"Wed Jan 11 04:48:56 +0000 2023","1613035206818271233",5533
"Wed Jan 11 04:48:56 +0000 2023","1613035206054924288",927
"Wed Jan 11 04:48:56 +0000 2023","1613035205773922304",389
"Wed Jan 11 04:48:56 +0000 2023","1613035205744263168",0
"Wed Jan 11 04:48:55 +0000 2023","1613035203600982016",14
"Wed Jan 11 04:48:55 +0000 2023","1613035200929210371",3307
"Wed Jan 11 04:48:55 +0000 2023","1613035200644276225",389
"Wed Jan 11 04:48:54 +0000 2023","1613035198395961344",269
"Wed Jan 11 04:48:54 +0000 2023","1613035196843966466",793
"Wed Jan 11 04:48:54 +0000 2023","1613035196672245760",0
"Wed Jan 11 04:48:54 +0000 2023","1613035196399353856",882
"Wed Jan 11 04:48:54 +0000 2023","1613035195803762689",77
"Wed Jan 11 04:48:53 +0000 2023","1613035194835173378",6
"Wed Jan 11 04:48:53 +0000 2023","1613035192549097472",242
"Wed Jan 11 04:48:53 +0000 2023","1613035191739781120",0
"Wed Jan 11 04:48:52 +0000 2023","1613035190745456643",0
"Wed Jan 11 04:48:52 +0000 2023","1613035189835382785",438
"Wed Jan 11 04:48:52 +0000 2023","1613035189495648256",0
"Wed Jan 11 04:48:51 +0000 2023","1613035185582358528",892
"Wed Jan 11 04:48:51 +0000 2023","1613035183724453889",3
"Wed Jan 11 04:48:51 +0000 2023","1613035183581577216",765
"Wed Jan 11 04:48:51 +0000 2023","1613035183284060160",20613
"Wed Jan 11 04:48:50 +0000 2023","1613035182126436352",41
"Wed Jan 11 04:48:50 +0000 2023","1613035179152666624",8976
"Wed Jan 11 04:48:49 +0000 2023","1613035178187972609",7721
"Wed Jan 11 04:48:49 +0000 2023","1613035177864998914",0
"Wed Jan 11 04:48:49 +0000 2023","1613035176229228544",8976
"Wed Jan 11 04:48:49 +0000 2023","1613035175780274189",0
"Wed Jan 11 04:48:49 +0000 2023","1613035175612452865",79
"Wed Jan 11 04:48:49 +0000 2023","1613035174920613890",150
"Wed Jan 11 04:48:49 +0000 2023","1613035174526066689",26
"Wed Jan 11 04:48:48 +0000 2023","1613035173343539202",228
"Wed Jan 11 04:48:48 +0000 2023","1613035172240171008",8976
"Wed Jan 11 04:48:47 +0000 2023","1613035169145040899",0
"Wed Jan 11 04:48:47 +0000 2023","1613035167479918593",3
"Wed Jan 11 04:48:47 +0000 2023","1613035167039500289",6
"Wed Jan 11 04:48:47 +0000 2023","1613035166733156352",5240
"Wed Jan 11 04:48:47 +0000 2023","1613035166703955969",765
"Wed Jan 11 04:48:47 +0000 2023","1613035166292709379",2314
"Wed Jan 11 04:48:46 +0000 2023","1613035165781233664",0
"Wed Jan 11 04:48:46 +0000 2023","1613035164946276353",0
"Wed Jan 11 04:48:46 +0000 2023","1613035164270993409",1095
"Wed Jan 11 04:48:46 +0000 2023","1613035164011057152",1248
"Wed Jan 11 04:48:46 +0000 2023","1613035163331756032",0
"Wed Jan 11 04:48:46 +0000 2023","1613035162660388864",670
"Wed Jan 11 04:48:45 +0000 2023","1613035160869404672",472
"Wed Jan 11 04:48:45 +0000 2023","1613035159120670721",0
"Wed Jan 11 04:48:45 +0000 2023","1613035158336331777",3
"Wed Jan 11 04:48:45 +0000 2023","1613035158050832385",882
"Wed Jan 11 04:48:44 +0000 2023","1613035156691886081",20613
"Wed Jan 11 04:48:44 +0000 2023","1613035154574020609",0
"Wed Jan 11 04:48:44 +0000 2023","1613035154485964800",0
"Wed Jan 11 04:48:44 +0000 2023","1613035154351554581",7607
"Wed Jan 11 04:48:44 +0000 2023","1613035154326388736",2611
"Wed Jan 11 04:48:43 +0000 2023","1613035152615129088",10
"Wed Jan 11 04:48:43 +0000 2023","1613035151935819776",882
"Wed Jan 11 04:48:43 +0000 2023","1613035151738507265",3
"Wed Jan 11 04:48:43 +0000 2023","1613035149398089728",7607
"Wed Jan 11 04:48:42 +0000 2023","1613035148861218816",350
"Wed Jan 11 04:48:42 +0000 2023","1613035147393400834",1945
"Wed Jan 11 04:48:42 +0000 2023","1613035146902388738",670
"Wed Jan 11 04:48:42 +0000 2023","1613035146390953984",66
"Wed Jan 11 04:48:42 +0000 2023","1613035145912807424",62
"Wed Jan 11 04:48:41 +0000 2023","1613035144926969861",150
"Wed Jan 11 04:48:41 +0000 2023","1613035144830672897",0
"Wed Jan 11 04:48:41 +0000 2023","1613035144696287233",1715
"Wed Jan 11 04:48:41 +0000 2023","1613035142573965313",0
"Wed Jan 11 04:48:40 +0000 2023","1613035140506157056",1
"Wed Jan 11 04:48:40 +0000 2023","1613035140048904194",0
"Wed Jan 11 04:48:40 +0000 2023","1613035138635423744",0
"Wed Jan 11 04:48:40 +0000 2023","1613035138585182212",1512
"Wed Jan 11 04:48:40 +0000 2023","1613035137268346880",283
"Wed Jan 11 04:48:39 +0000 2023","1613035136185995267",3
"Wed Jan 11 04:48:39 +0000 2023","1613035135510757377",7607
"Wed Jan 11 04:48:39 +0000 2023","1613035135338967040",4420
"Wed Jan 11 04:48:39 +0000 2023","1613035134751571971",118
"Wed Jan 11 04:48:39 +0000 2023","1613035132813967360",4420
"Wed Jan 11 04:48:38 +0000 2023","1613035132436234241",0
"Wed Jan 11 04:48:38 +0000 2023","1613035132335845376",43
"Wed Jan 11 04:48:38 +0000 2023","1613035132297830400",5533
"Wed Jan 11 04:48:38 +0000 2023","1613035130917879809",8976
"Wed Jan 11 04:48:38 +0000 2023","1613035129429168128",7721
"Wed Jan 11 04:48:38 +0000 2023","1613035129370189824",0
"Wed Jan 11 04:48:38 +0000 2023","1613035129227583491",61
"Wed Jan 11 04:48:38 +0000 2023","1613035129143988224",63
"Wed Jan 11 04:48:38 +0000 2023","1613035128837771265",1260
"Wed Jan 11 04:48:37 +0000 2023","1613035127671513092",1
"Wed Jan 11 04:48:37 +0000 2023","1613035127554338818",260
"Wed Jan 11 04:48:37 +0000 2023","1613035126123892739",0
"Wed Jan 11 04:48:37 +0000 2023","1613035125742403585",7607
"Wed Jan 11 04:48:37 +0000 2023","1613035124962250752",142
"Wed Jan 11 04:48:37 +0000 2023","1613035124718985216",2611
"Wed Jan 11 04:48:35 +0000 2023","1613035118029058049",0
"Wed Jan 11 04:48:35 +0000 2023","1613035117978742785",1346
"Wed Jan 11 04:48:35 +0000 2023","1613035116657262593",765
"Wed Jan 11 04:48:35 +0000 2023","1613035116405850112",1
"Wed Jan 11 04:48:34 +0000 2023","1613035113092112384",17
"Wed Jan 11 04:48:34 +0000 2023","1613035112551317506",1946
"Wed Jan 11 04:48:34 +0000 2023","1613035112450625537",3
"Wed Jan 11 04:48:34 +0000 2023","1613035111653556224",0
"Wed Jan 11 04:48:33 +0000 2023","1613035111393513473",55
"Wed Jan 11 04:48:33 +0000 2023","1613035110714200064",0
"Wed Jan 11 04:48:33 +0000 2023","1613035109514416128",0
"Wed Jan 11 04:48:33 +0000 2023","1613035108365209600",66
"Wed Jan 11 04:48:32 +0000 2023","1613035106578595840",490
"Wed Jan 11 04:48:32 +0000 2023","1613035105844449282",2737
"Wed Jan 11 04:48:32 +0000 2023","1613035105521668097",7607
"Wed Jan 11 04:48:32 +0000 2023","1613035104871358464",69
"Wed Jan 11 04:48:32 +0000 2023","1613035103684554752",2980
"Wed Jan 11 04:48:32 +0000 2023","1613035103596466176",146
"Wed Jan 11 04:48:32 +0000 2023","1613035103487393794",0
"Wed Jan 11 04:48:31 +0000 2023","1613035102145220608",2806
"Wed Jan 11 04:48:30 +0000 2023","1613035098646913024",51
"Wed Jan 11 04:48:30 +0000 2023","1613035097699278848",240
"Wed Jan 11 04:48:30 +0000 2023","1613035096646483974",0
"Wed Jan 11 04:48:30 +0000 2023","1613035096583307264",3843
"Wed Jan 11 04:48:30 +0000 2023","1613035096549855232",60
"Wed Jan 11 04:48:30 +0000 2023","1613035095866347520",0
"Wed Jan 11 04:48:30 +0000 2023","1613035095283339264",15
"Wed Jan 11 04:48:29 +0000 2023","1613035094704553989",350
"Wed Jan 11 04:48:29 +0000 2023","1613035094029242369",2314
"Wed Jan 11 04:48:29 +0000 2023","1613035093181726720",0
"Wed Jan 11 04:48:29 +0000 2023","1613035093026836481",2980
"Wed Jan 11 04:48:29 +0000 2023","1613035092896514048",66
"Wed Jan 11 04:48:28 +0000 2023","1613035090061180928",189
"Wed Jan 11 04:48:28 +0000 2023","1613035089537163269",0
"Wed Jan 11 04:48:28 +0000 2023","1613035088933191680",83
"Wed Jan 11 04:48:28 +0000 2023","1613035088861601792",45
"Wed Jan 11 04:48:28 +0000 2023","1613035086898925569",7721
"Wed Jan 11 04:48:27 +0000 2023","1613035085145702409",4
"Wed Jan 11 04:48:26 +0000 2023","1613035081265725442",2314
"Wed Jan 11 04:48:26 +0000 2023","1613035081098227712",793
"Wed Jan 11 04:48:26 +0000 2023","1613035080431304704",23
"Wed Jan 11 04:48:26 +0000 2023","1613035079969693700",1346
"Wed Jan 11 04:48:26 +0000 2023","1613035079483129857",2980
"Wed Jan 11 04:48:26 +0000 2023","1613035079403700224",6
"Wed Jan 11 04:48:25 +0000 2023","1613035078011211776",7607
"Wed Jan 11 04:48:25 +0000 2023","1613035076333207558",77
"Wed Jan 11 04:48:25 +0000 2023","1613035075913895937",13
"Wed Jan 11 04:48:25 +0000 2023","1613035075700142080",5240
"Wed Jan 11 04:48:25 +0000 2023","1613035075083587585",4
"Wed Jan 11 04:48:25 +0000 2023","1613035074022412289",7721
"Wed Jan 11 04:48:24 +0000 2023","1613035073460133888",2611
"Wed Jan 11 04:48:24 +0000 2023","1613035073129021440",1
"Wed Jan 11 04:48:24 +0000 2023","1613035072759660548",0
"Wed Jan 11 04:48:24 +0000 2023","1613035072273395712",5533
"Wed Jan 11 04:48:23 +0000 2023","1613035066778882048",1438
"Wed Jan 11 04:48:23 +0000 2023","1613035065671385090",1260
"Wed Jan 11 04:48:22 +0000 2023","1613035064794963969",0
"Wed Jan 11 04:48:22 +0000 2023","1613035063452606464",7721
"Wed Jan 11 04:48:22 +0000 2023","1613035063138029569",2488
"Wed Jan 11 04:48:22 +0000 2023","1613035061846106112",762
"Wed Jan 11 04:48:21 +0000 2023","1613035059132481537",5
"Wed Jan 11 04:48:21 +0000 2023","1613035057496596481",3843
"Wed Jan 11 04:48:21 +0000 2023","1613035057161334784",11
"Wed Jan 11 04:48:20 +0000 2023","1613035055873654784",0
"Wed Jan 11 04:48:20 +0000 2023","1613035055860916227",146
"Wed Jan 11 04:48:20 +0000 2023","1613035055420694528",735
"Wed Jan 11 04:48:20 +0000 2023","1613035054808109056",8820
"Wed Jan 11 04:48:20 +0000 2023","1613035054652968960",670
"Wed Jan 11 04:48:19 +0000 2023","1613035051855355905",34
"Wed Jan 11 04:48:19 +0000 2023","1613035050500775940",83
"Wed Jan 11 04:48:18 +0000 2023","1613035047325675520",8
"Wed Jan 11 04:48:17 +0000 2023","1613035042745245697",7
"Wed Jan 11 04:48:17 +0000 2023","1613035040824229888",8977
"Wed Jan 11 04:48:17 +0000 2023","1613035040681648129",670
"Wed Jan 11 04:48:17 +0000 2023","1613035040358924290",0
"Wed Jan 11 04:48:16 +0000 2023","1613035040119885825",2
"Wed Jan 11 04:48:16 +0000 2023","1613035038324494337",2611
"Wed Jan 11 04:48:16 +0000 2023","1613035038169337857",1512
"Wed Jan 11 04:48:16 +0000 2023","1613035038102392833",0
"Wed Jan 11 04:48:16 +0000 2023","1613035037925974018",0
"Wed Jan 11 04:48:16 +0000 2023","1613035037888323586",5240
"Wed Jan 11 04:48:16 +0000 2023","1613035036911058949",2316
"Wed Jan 11 04:48:15 +0000 2023","1613035036072202240",354
"Wed Jan 11 04:48:15 +0000 2023","1613035034310762496",2314
"Wed Jan 11 04:48:15 +0000 2023","1613035034230882305",1
"Wed Jan 11 04:48:15 +0000 2023","1613035032259563521",2314
"Wed Jan 11 04:48:14 +0000 2023","1613035031198310401",789
"Wed Jan 11 04:48:14 +0000 2023","1613035030112047104",4777
"Wed Jan 11 04:48:14 +0000 2023","1613035029743161344",347
"Wed Jan 11 04:48:14 +0000 2023","1613035029633835008",7607
"Wed Jan 11 04:48:14 +0000 2023","1613035028317097985",195
"Wed Jan 11 04:48:14 +0000 2023","1613035027884871682",1095
"Wed Jan 11 04:48:13 +0000 2023","1613035027482435584",7
"Wed Jan 11 04:48:13 +0000 2023","1613035025695641601",2314
"Wed Jan 11 04:48:13 +0000 2023","1613035024852606978",17321
"Wed Jan 11 04:48:13 +0000 2023","1613035023942258690",0
"Wed Jan 11 04:48:13 +0000 2023","1613035023644635137",0
"Wed Jan 11 04:48:12 +0000 2023","1613035022990073856",2611
"Wed Jan 11 04:48:12 +0000 2023","1613035020456787968",8
"Wed Jan 11 04:48:12 +0000 2023","1613035019865583617",28920
"Wed Jan 11 04:48:12 +0000 2023","1613035019689230336",3843
"Wed Jan 11 04:48:12 +0000 2023","1613035019521368064",1346
"Wed Jan 11 04:48:11 +0000 2023","1613035019290775552",892
"Wed Jan 11 04:48:11 +0000 2023","1613035017013448710",390
"Wed Jan 11 04:48:10 +0000 2023","1613035014983237632",416
"Wed Jan 11 04:48:10 +0000 2023","1613035014857293825",253
"Wed Jan 11 04:48:10 +0000 2023","1613035013771083778",2330
"Wed Jan 11 04:48:10 +0000 2023","1613035012873678851",120
"Wed Jan 11 04:48:10 +0000 2023","1613035011531313152",0
"Wed Jan 11 04:48:10 +0000 2023","1613035011183366144",5
"Wed Jan 11 04:48:09 +0000 2023","1613035010877161472",293
"Wed Jan 11 04:48:09 +0000 2023","1613035010365468675",1947
"Wed Jan 11 04:48:09 +0000 2023","1613035010050887680",0
"Wed Jan 11 04:48:09 +0000 2023","1613035009958346753",50
"Wed Jan 11 04:48:09 +0000 2023","1613035008024788992",8977
"Wed Jan 11 04:48:09 +0000 2023","1613035007655936000",4420
"Wed Jan 11 04:48:08 +0000 2023","1613035005533650944",9
"Wed Jan 11 04:48:08 +0000 2023","1613035005126803459",892
"Wed Jan 11 04:48:08 +0000 2023","1613035004451516417",1947
"Wed Jan 11 04:48:08 +0000 2023","1613035004187082752",19840
"Wed Jan 11 04:48:07 +0000 2023","1613035001758781445",0
"Wed Jan 11 04:48:07 +0000 2023","1613035001062334464",695
"Wed Jan 11 04:48:06 +0000 2023","1613034995202887680",0
"Wed Jan 11 04:48:06 +0000 2023","1613034994225582082",2481
"Wed Jan 11 04:48:05 +0000 2023","1613034993001041920",563
"Wed Jan 11 04:48:05 +0000 2023","1613034992862470147",0
"Wed Jan 11 04:48:05 +0000 2023","1613034992455634944",124
"Wed Jan 11 04:48:05 +0000 2023","1613034992027799555",0
"Wed Jan 11 04:48:05 +0000 2023","1613034990882934785",0
"Wed Jan 11 04:48:05 +0000 2023","1613034990144737283",13147
"Wed Jan 11 04:48:04 +0000 2023","1613034988697714688",0
"Wed Jan 11 04:48:04 +0000 2023","1613034987774672896",48
"Wed Jan 11 04:48:04 +0000 2023","1613034987653046273",0
"Wed Jan 11 04:48:04 +0000 2023","1613034987456200706",0
"Wed Jan 11 04:48:04 +0000 2023","1613034986415992832",56
"Wed Jan 11 04:48:03 +0000 2023","1613034985384218627",765
"Wed Jan 11 04:48:03 +0000 2023","1613034984566304769",765
"Wed Jan 11 04:48:03 +0000 2023","1613034984259870721",4
"Wed Jan 11 04:48:03 +0000 2023","1613034984196956162",65
"Wed Jan 11 04:48:03 +0000 2023","1613034983085465602",2352
"Wed Jan 11 04:48:03 +0000 2023","1613034982368333824",20613
"Wed Jan 11 04:48:03 +0000 2023","1613034981802053633",5
"Wed Jan 11 04:48:02 +0000 2023","1613034981160546305",0
"Wed Jan 11 04:48:02 +0000 2023","1613034980367540225",2
"Wed Jan 11 04:48:02 +0000 2023","1613034978010599424",8977
"Wed Jan 11 04:48:01 +0000 2023","1613034975703580672",1
"Wed Jan 11 04:48:01 +0000 2023","1613034975607291909",5240
"Wed Jan 11 04:48:01 +0000 2023","1613034975078617094",3843
"Wed Jan 11 04:48:01 +0000 2023","1613034974822670336",859
"Wed Jan 11 04:48:01 +0000 2023","1613034974202187776",466
"Wed Jan 11 04:48:00 +0000 2023","1613034971652030464",0
"Wed Jan 11 04:48:00 +0000 2023","1613034970938761217",6
"Wed Jan 11 04:48:00 +0000 2023","1613034969886035969",17473
"Wed Jan 11 04:47:59 +0000 2023","1613034968170520579",0
"Wed Jan 11 04:47:59 +0000 2023","1613034966945783809",765
"Wed Jan 11 04:47:59 +0000 2023","1613034966836969474",5
"Wed Jan 11 04:47:59 +0000 2023","1613034966094598145",3308
"Wed Jan 11 04:47:58 +0000 2023","1613034963821289472",8978
"Wed Jan 11 04:47:58 +0000 2023","1613034963749715969",5241
"Wed Jan 11 04:47:58 +0000 2023","1613034963649318912",539
"Wed Jan 11 04:47:58 +0000 2023","1613034963619958784",67
"Wed Jan 11 04:47:58 +0000 2023","1613034963334561797",0
"Wed Jan 11 04:47:58 +0000 2023","1613034961979990018",2611
"Wed Jan 11 04:47:57 +0000 2023","1613034959241117696",47
"Wed Jan 11 04:47:57 +0000 2023","1613034958108659712",8
"Wed Jan 11 04:47:57 +0000 2023","1613034957458341888",3
"Wed Jan 11 04:47:57 +0000 2023","1613034956942639105",7
"Wed Jan 11 04:47:56 +0000 2023","1613034954686074881",2259
"Wed Jan 11 04:47:55 +0000 2023","1613034950659575808",0
"Wed Jan 11 04:47:54 +0000 2023","1613034947664805889",7607
"Wed Jan 11 04:47:54 +0000 2023","1613034947165446144",4
"Wed Jan 11 04:47:54 +0000 2023","1613034946679169026",63
"Wed Jan 11 04:47:54 +0000 2023","1613034945869389826",730
"Wed Jan 11 04:47:54 +0000 2023","1613034944930131972",0
"Wed Jan 11 04:47:54 +0000 2023","1613034944749502464",2426
"Wed Jan 11 04:47:53 +0000 2023","1613034939775176704",5241
"Wed Jan 11 04:47:52 +0000 2023","1613034938617446400",4
"Wed Jan 11 04:47:52 +0000 2023","1613034938458341382",4777
"Wed Jan 11 04:47:52 +0000 2023","1613034937636237314",0
"Wed Jan 11 04:47:52 +0000 2023","1613034936448983042",8978
"Wed Jan 11 04:47:51 +0000 2023","1613034934456795138",1634
"Wed Jan 11 04:47:50 +0000 2023","1613034930367250432",2980
"Wed Jan 11 04:47:50 +0000 2023","1613034929742581761",8978
"Wed Jan 11 04:47:49 +0000 2023","1613034926231719936",3
"Wed Jan 11 04:47:49 +0000 2023","1613034925434740738",1
"Wed Jan 11 04:47:49 +0000 2023","1613034925233688577",0
"Wed Jan 11 04:47:49 +0000 2023","1613034924428365825",283
"Wed Jan 11 04:47:49 +0000 2023","1613034923853594625",85
"Wed Jan 11 04:47:49 +0000 2023","1613034923316899842",0
"Wed Jan 11 04:47:48 +0000 2023","1613034922444296194",882
"Wed Jan 11 04:47:48 +0000 2023","1613034921760804864",2330
"Wed Jan 11 04:47:48 +0000 2023","1613034919994736642",4777
"Wed Jan 11 04:47:48 +0000 2023","1613034918921261057",0
"Wed Jan 11 04:47:47 +0000 2023","1613034918535172098",128
"Wed Jan 11 04:47:47 +0000 2023","1613034917591400448",146986
"Wed Jan 11 04:47:47 +0000 2023","1613034917323063299",8
"Wed Jan 11 04:47:47 +0000 2023","1613034915343503360",146
"Wed Jan 11 04:47:47 +0000 2023","1613034915293200385",92
"Wed Jan 11 04:47:47 +0000 2023","1613034914567389185",2806
"Wed Jan 11 04:47:46 +0000 2023","1613034914219270145",1056
"Wed Jan 11 04:47:46 +0000 2023","1613034913527365632",390
"Wed Jan 11 04:47:46 +0000 2023","1613034913040838657",50
"Wed Jan 11 04:47:46 +0000 2023","1613034911589621760",0
"Wed Jan 11 04:47:46 +0000 2023","1613034911031754752",7607
"Wed Jan 11 04:47:46 +0000 2023","1613034910671044617",0
"Wed Jan 11 04:47:45 +0000 2023","1613034909354057730",0
"Wed Jan 11 04:47:45 +0000 2023","1613034906275258370",10
"Wed Jan 11 04:47:44 +0000 2023","1613034904723546112",4777
"Wed Jan 11 04:47:44 +0000 2023","1613034904375246848",4
"Wed Jan 11 04:47:44 +0000 2023","1613034904127942656",1
"Wed Jan 11 04:47:44 +0000 2023","1613034903754477569",1
"Wed Jan 11 04:47:43 +0000 2023","1613034901653131264",6
"Wed Jan 11 04:47:43 +0000 2023","1613034901154021377",11
"Wed Jan 11 04:47:43 +0000 2023","1613034901129039874",439
"Wed Jan 11 04:47:43 +0000 2023","1613034900856377347",750
"Wed Jan 11 04:47:43 +0000 2023","1613034900059488259",7721
"Wed Jan 11 04:47:42 +0000 2023","1613034897404489728",2426
"Wed Jan 11 04:47:42 +0000 2023","1613034894686392321",121
"Wed Jan 11 04:47:42 +0000 2023","1613034894514606081",3
"Wed Jan 11 04:47:42 +0000 2023","1613034893935775747",0
"Wed Jan 11 04:47:41 +0000 2023","1613034893356720128",146
"Wed Jan 11 04:47:41 +0000 2023","1613034891213504519",17321
"Wed Jan 11 04:47:41 +0000 2023","1613034890869768192",0
"Wed Jan 11 04:47:41 +0000 2023","1613034890332864515",4777
"Wed Jan 11 04:47:41 +0000 2023","1613034889301090304",231
"Wed Jan 11 04:47:40 +0000 2023","1613034888512282625",8978
"Wed Jan 11 04:47:40 +0000 2023","1613034888101339136",0
"Wed Jan 11 04:47:40 +0000 2023","1613034887573041154",0
"Wed Jan 11 04:47:40 +0000 2023","1613034887191085057",5241
"Wed Jan 11 04:47:40 +0000 2023","1613034886826270722",0
"Wed Jan 11 04:47:40 +0000 2023","1613034886755123200",7607
"Wed Jan 11 04:47:40 +0000 2023","1613034886356692993",0
"Wed Jan 11 04:47:39 +0000 2023","1613034884737695745",660
"Wed Jan 11 04:47:39 +0000 2023","1613034884079001600",525
"Wed Jan 11 04:47:39 +0000 2023","1613034883533660164",0
"Wed Jan 11 04:47:39 +0000 2023","1613034883076571136",9
"Wed Jan 11 04:47:39 +0000 2023","1613034881751347200",216
"Wed Jan 11 04:47:39 +0000 2023","1613034881629696002",7607
"Wed Jan 11 04:47:39 +0000 2023","1613034881277214722",0
"Wed Jan 11 04:47:38 +0000 2023","1613034879721304064",69
"Wed Jan 11 04:47:38 +0000 2023","1613034878752428032",2611
"Wed Jan 11 04:47:38 +0000 2023","1613034877699645440",4420
"Wed Jan 11 04:47:37 +0000 2023","1613034873266274304",7607
"Wed Jan 11 04:47:37 +0000 2023","1613034872813113349",2980
"Wed Jan 11 04:47:36 +0000 2023","1613034872209313798",140
"Wed Jan 11 04:47:36 +0000 2023","1613034871571587073",5
"Wed Jan 11 04:47:36 +0000 2023","1613034871080845312",2259
"Wed Jan 11 04:47:36 +0000 2023","1613034870825181184",3843
"Wed Jan 11 04:47:36 +0000 2023","1613034869982105603",211
"Wed Jan 11 04:47:36 +0000 2023","1613034869592064001",9
"Wed Jan 11 04:47:35 +0000 2023","1613034867968692224",9
"Wed Jan 11 04:47:35 +0000 2023","1613034867297583105",24
"Wed Jan 11 04:47:35 +0000 2023","1613034867180150784",299
"Wed Jan 11 04:47:35 +0000 2023","1613034866635051012",2612
"Wed Jan 11 04:47:35 +0000 2023","1613034866366615552",1
"Wed Jan 11 04:47:35 +0000 2023","1613034865343045633",3843
"Wed Jan 11 04:47:35 +0000 2023","1613034864713912320",0
"Wed Jan 11 04:47:35 +0000 2023","1613034864135270400",1947
"Wed Jan 11 04:47:34 +0000 2023","1613034862688014340",2
"Wed Jan 11 04:47:34 +0000 2023","1613034862633713664",2612
"Wed Jan 11 04:47:34 +0000 2023","1613034860947316738",5242
"Wed Jan 11 04:47:34 +0000 2023","1613034860620267520",2612
"Wed Jan 11 04:47:34 +0000 2023","1613034860284608515",19840
"Wed Jan 11 04:47:34 +0000 2023","1613034860267831297",1095
"Wed Jan 11 04:47:33 +0000 2023","1613034856547590145",8978
"Wed Jan 11 04:47:32 +0000 2023","1613034855679537152",14
"Wed Jan 11 04:47:32 +0000 2023","1613034855582912512",2488
"Wed Jan 11 04:47:32 +0000 2023","1613034855561924613",5
"Wed Jan 11 04:47:32 +0000 2023","1613034855180238848",146
"Wed Jan 11 04:47:32 +0000 2023","1613034855155240960",0
"Wed Jan 11 04:47:32 +0000 2023","1613034855029215232",1
"Wed Jan 11 04:47:32 +0000 2023","1613034854777782274",222
"Wed Jan 11 04:47:32 +0000 2023","1613034854203166720",0
"Wed Jan 11 04:47:32 +0000 2023","1613034852021932034",9
"Wed Jan 11 04:47:31 +0000 2023","1613034851166474245",4777
"Wed Jan 11 04:47:31 +0000 2023","1613034850470227969",2612
"Wed Jan 11 04:47:31 +0000 2023","1613034850356965376",2737
"Wed Jan 11 04:47:31 +0000 2023","1613034848310157313",7
"Wed Jan 11 04:47:31 +0000 2023","1613034847559196673",24
"Wed Jan 11 04:47:30 +0000 2023","1613034846883913728",750
"Wed Jan 11 04:47:30 +0000 2023","1613034844350734336",89
"Wed Jan 11 04:47:29 +0000 2023","1613034842106781699",2612
"Wed Jan 11 04:47:28 +0000 2023","1613034838784606208",0
"Wed Jan 11 04:47:28 +0000 2023","1613034838235267075",581
"Wed Jan 11 04:47:28 +0000 2023","1613034836578668544",7607
"Wed Jan 11 04:47:27 +0000 2023","1613034833638195200",7607
"Wed Jan 11 04:47:27 +0000 2023","1613034831906246656",7721
"Wed Jan 11 04:47:27 +0000 2023","1613034831319040005",11
"Wed Jan 11 04:47:26 +0000 2023","1613034830383714308",62
"Wed Jan 11 04:47:26 +0000 2023","1613034830362730497",882
"Wed Jan 11 04:47:26 +0000 2023","1613034827640442880",1095
"Wed Jan 11 04:47:26 +0000 2023","1613034826927407104",17321
"Wed Jan 11 04:47:26 +0000 2023","1613034826424254465",350
"Wed Jan 11 04:47:25 +0000 2023","1613034825287360512",383
"Wed Jan 11 04:47:25 +0000 2023","1613034824687841281",287
"Wed Jan 11 04:47:25 +0000 2023","1613034824188526595",8978
"Wed Jan 11 04:47:25 +0000 2023","1613034823832014850",81
"Wed Jan 11 04:47:25 +0000 2023","1613034822351585281",55
"Wed Jan 11 04:47:24 +0000 2023","1613034821831348225",40
"Wed Jan 11 04:47:24 +0000 2023","1613034820711616513",2259
"Wed Jan 11 04:47:24 +0000 2023","1613034819885178880",5500
"Wed Jan 11 04:47:24 +0000 2023","1613034819759243276",0
"Wed Jan 11 04:47:23 +0000 2023","1613034817540739072",15
"Wed Jan 11 04:47:23 +0000 2023","1613034816768970755",5
"Wed Jan 11 04:47:22 +0000 2023","1613034813203644418",5533
"Wed Jan 11 04:47:22 +0000 2023","1613034812683726849",0
"Wed Jan 11 04:47:22 +0000 2023","1613034811580616704",793
"Wed Jan 11 04:47:22 +0000 2023","1613034810590519296",0
"Wed Jan 11 04:47:21 +0000 2023","1613034807482789888",364
"Wed Jan 11 04:47:21 +0000 2023","1613034806308126720",0
"Wed Jan 11 04:47:20 +0000 2023","1613034805389824000",0
"Wed Jan 11 04:47:20 +0000 2023","1613034804039274496",146
"Wed Jan 11 04:47:20 +0000 2023","1613034803796008961",1947
"Wed Jan 11 04:47:20 +0000 2023","1613034803355607041",20613
"Wed Jan 11 04:47:20 +0000 2023","1613034801535258625",0
"Wed Jan 11 04:47:19 +0000 2023","1613034800733888517",7607
"Wed Jan 11 04:47:19 +0000 2023","1613034799769292801",766
"Wed Jan 11 04:47:19 +0000 2023","1613034797810552832",190
"Wed Jan 11 04:47:18 +0000 2023","1613034796514705409",377
"Wed Jan 11 04:47:18 +0000 2023","1613034793876312065",7607
"Wed Jan 11 04:47:18 +0000 2023","1613034793515757569",8978
"Wed Jan 11 04:47:17 +0000 2023","1613034792114610176",8978
"Wed Jan 11 04:47:17 +0000 2023","1613034791645114368",793
"Wed Jan 11 04:47:17 +0000 2023","1613034789367414784",364
"Wed Jan 11 04:47:16 +0000 2023","1613034788516167680",10
"Wed Jan 11 04:47:16 +0000 2023","1613034787509522438",0
"Wed Jan 11 04:47:16 +0000 2023","1613034787396009984",80
"Wed Jan 11 04:47:16 +0000 2023","1613034787014381568",1095
"Wed Jan 11 04:47:16 +0000 2023","1613034785919713281",7607
"Wed Jan 11 04:47:15 +0000 2023","1613034784250363905",4
"Wed Jan 11 04:47:15 +0000 2023","1613034783340396545",5
"Wed Jan 11 04:47:14 +0000 2023","1613034776432357376",10
"Wed Jan 11 04:47:13 +0000 2023","1613034774821584902",0
"Wed Jan 11 04:47:13 +0000 2023","1613034774456832000",0
"Wed Jan 11 04:47:13 +0000 2023","1613034774368509952",2612
"Wed Jan 11 04:47:13 +0000 2023","1613034774347808768",4777
"Wed Jan 11 04:47:13 +0000 2023","1613034774347628545",1391
"Wed Jan 11 04:47:12 +0000 2023","1613034770967195649",267
"Wed Jan 11 04:47:12 +0000 2023","1613034769574682624",20613
"Wed Jan 11 04:47:12 +0000 2023","1613034769494999040",4309
"Wed Jan 11 04:47:12 +0000 2023","1613034768697888770",19841
"Wed Jan 11 04:47:11 +0000 2023","1613034766651252736",368
"Wed Jan 11 04:47:11 +0000 2023","1613034766365777920",242
"Wed Jan 11 04:47:10 +0000 2023","1613034761668247552",0
"Wed Jan 11 04:47:10 +0000 2023","1613034761265770497",22
"Wed Jan 11 04:47:10 +0000 2023","1613034760049250305",97
"Wed Jan 11 04:47:10 +0000 2023","1613034759822708739",0
"Wed Jan 11 04:47:10 +0000 2023","1613034759671668736",1924
"Wed Jan 11 04:47:09 +0000 2023","1613034758027767809",5242
"Wed Jan 11 04:47:09 +0000 2023","1613034757541007360",8978
"Wed Jan 11 04:47:09 +0000 2023","1613034756945633280",1141
"Wed Jan 11 04:47:09 +0000 2023","1613034756719116291",1254
"Wed Jan 11 04:47:09 +0000 2023","1613034756693979136",3
"Wed Jan 11 04:47:09 +0000 2023","1613034756635262976",0
"Wed Jan 11 04:47:09 +0000 2023","1613034756085809152",30
"Wed Jan 11 04:47:09 +0000 2023","1613034755137884162",0
"Wed Jan 11 04:47:08 +0000 2023","1613034754299002881",1
"Wed Jan 11 04:47:08 +0000 2023","1613034753598410753",0
"Wed Jan 11 04:47:08 +0000 2023","1613034752256233473",222
"Wed Jan 11 04:47:08 +0000 2023","1613034751434321920",219
"Wed Jan 11 04:47:08 +0000 2023","1613034750985248770",0
"Wed Jan 11 04:47:07 +0000 2023","1613034750213754880",2
"Wed Jan 11 04:47:07 +0000 2023","1613034749781749760",52
"Wed Jan 11 04:47:07 +0000 2023","1613034747269349378",0
"Wed Jan 11 04:47:07 +0000 2023","1613034747055476736",72
"Wed Jan 11 04:47:06 +0000 2023","1613034745914429441",146
"Wed Jan 11 04:47:06 +0000 2023","1613034745339822081",5165
"Wed Jan 11 04:47:06 +0000 2023","1613034745264476161",99
"Wed Jan 11 04:47:06 +0000 2023","1613034743981015041",735
"Wed Jan 11 04:47:06 +0000 2023","1613034743913926658",1248
"Wed Jan 11 04:47:06 +0000 2023","1613034743666204672",2516
"Wed Jan 11 04:47:06 +0000 2023","1613034743548764160",327
"Wed Jan 11 04:47:06 +0000 2023","1613034743104159744",670
"Wed Jan 11 04:47:06 +0000 2023","1613034742588538885",8
"Wed Jan 11 04:47:05 +0000 2023","1613034741338607616",0
"Wed Jan 11 04:47:05 +0000 2023","1613034740168237056",67
"Wed Jan 11 04:47:05 +0000 2023","1613034739568644096",3874
"Wed Jan 11 04:47:04 +0000 2023","1613034738180321281",2806
"Wed Jan 11 04:47:04 +0000 2023","1613034737492180993",14
"Wed Jan 11 04:47:04 +0000 2023","1613034736850731008",1634
"Wed Jan 11 04:47:04 +0000 2023","1613034735852474369",390
"Wed Jan 11 04:47:04 +0000 2023","1613034735797665793",291
"Wed Jan 11 04:47:04 +0000 2023","1613034735307198464",7721
"Wed Jan 11 04:47:04 +0000 2023","1613034734501912578",160
"Wed Jan 11 04:47:03 +0000 2023","1613034733667057665",383
"Wed Jan 11 04:47:03 +0000 2023","1613034732698075136",1947
"Wed Jan 11 04:47:03 +0000 2023","1613034732593233922",1346
"Wed Jan 11 04:47:03 +0000 2023","1613034731800596485",766
"Wed Jan 11 04:47:02 +0000 2023","1613034728579563521",6399
"Wed Jan 11 04:47:02 +0000 2023","1613034728344662016",0
"Wed Jan 11 04:47:02 +0000 2023","1613034728126574592",793
"Wed Jan 11 04:47:02 +0000 2023","1613034728046710786",239
"Wed Jan 11 04:47:02 +0000 2023","1613034727732293632",216
"Wed Jan 11 04:47:02 +0000 2023","1613034726239137793",1097
"Wed Jan 11 04:47:01 +0000 2023","1613034723131150337",0
"Wed Jan 11 04:47:01 +0000 2023","1613034722351022082",0
"Wed Jan 11 04:47:00 +0000 2023","1613034720375328769",354
"Wed Jan 11 04:47:00 +0000 2023","1613034717926002690",0
"Wed Jan 11 04:47:00 +0000 2023","1613034717389127681",6
"Wed Jan 11 04:46:59 +0000 2023","1613034716470427650",0
"Wed Jan 11 04:46:59 +0000 2023","1613034713882546176",7608
"Wed Jan 11 04:46:58 +0000 2023","1613034712771231746",37
"Wed Jan 11 04:46:58 +0000 2023","1613034712255062016",3874
"Wed Jan 11 04:46:58 +0000 2023","1613034711416438784",0
"Wed Jan 11 04:46:58 +0000 2023","1613034709403185152",211
"Wed Jan 11 04:46:57 +0000 2023","1613034708442714112",7721
"Wed Jan 11 04:46:57 +0000 2023","1613034708396294144",2612
"Wed Jan 11 04:46:57 +0000 2023","1613034707113086979",4
"Wed Jan 11 04:46:57 +0000 2023","1613034706588819457",20613
"Wed Jan 11 04:46:57 +0000 2023","1613034705800302593",8978
"Wed Jan 11 04:46:57 +0000 2023","1613034705175060481",20613
"Wed Jan 11 04:46:57 +0000 2023","1613034705091190785",4777
"Wed Jan 11 04:46:57 +0000 2023","1613034704810172416",4420
"Wed Jan 11 04:46:56 +0000 2023","1613034703895887874",581
"Wed Jan 11 04:46:56 +0000 2023","1613034703803613185",5
"Wed Jan 11 04:46:56 +0000 2023","1613034703157858304",5242
"Wed Jan 11 04:46:56 +0000 2023","1613034701723140096",466
"Wed Jan 11 04:46:55 +0000 2023","1613034697814147072",115
"Wed Jan 11 04:46:55 +0000 2023","1613034697734475777",501
"Wed Jan 11 04:46:55 +0000 2023","1613034696392179712",4420
"Wed Jan 11 04:46:54 +0000 2023","1613034695520063488",0
"Wed Jan 11 04:46:54 +0000 2023","1613034695272308737",5859
"Wed Jan 11 04:46:54 +0000 2023","1613034694836207619",2612
"Wed Jan 11 04:46:54 +0000 2023","1613034694077214720",5117
"Wed Jan 11 04:46:54 +0000 2023","1613034693007400960",0
"Wed Jan 11 04:46:53 +0000 2023","1613034690050400257",0
"Wed Jan 11 04:46:53 +0000 2023","1613034689656410112",51
"Wed Jan 11 04:46:53 +0000 2023","1613034689618403328",4
"Wed Jan 11 04:46:52 +0000 2023","1613034687806554114",1095
"Wed Jan 11 04:46:52 +0000 2023","1613034686187544576",4
"Wed Jan 11 04:46:52 +0000 2023","1613034685978021890",3843
"Wed Jan 11 04:46:52 +0000 2023","1613034684677496833",0
"Wed Jan 11 04:46:52 +0000 2023","1613034684497141762",0
"Wed Jan 11 04:46:51 +0000 2023","1613034682635157504",5243
"Wed Jan 11 04:46:51 +0000 2023","1613034681506693120",18
"Wed Jan 11 04:46:51 +0000 2023","1613034681183907846",287
"Wed Jan 11 04:46:51 +0000 2023","1613034679740809217",7609
"Wed Jan 11 04:46:50 +0000 2023","1613034679208230913",581
"Wed Jan 11 04:46:50 +0000 2023","1613034679203938306",2614
"Wed Jan 11 04:46:50 +0000 2023","1613034679116107779",98
"Wed Jan 11 04:46:50 +0000 2023","1613034678117703680",2
"Wed Jan 11 04:46:50 +0000 2023","1613034676909920257",0
"Wed Jan 11 04:46:50 +0000 2023","1613034675773100033",31
"Wed Jan 11 04:46:49 +0000 2023","1613034674338643968",222
"Wed Jan 11 04:46:49 +0000 2023","1613034672958672897",2516
"Wed Jan 11 04:46:48 +0000 2023","1613034669842350081",172
"Wed Jan 11 04:46:48 +0000 2023","1613034669771046918",750
"Wed Jan 11 04:46:48 +0000 2023","1613034668043153408",1
"Wed Jan 11 04:46:48 +0000 2023","1613034667464179714",0
"Wed Jan 11 04:46:47 +0000 2023","1613034666562297856",882
"Wed Jan 11 04:46:47 +0000 2023","1613034665182625792",14
"Wed Jan 11 04:46:47 +0000 2023","1613034662951112705",6
"Wed Jan 11 04:46:46 +0000 2023","1613034662628130816",1947
"Wed Jan 11 04:46:46 +0000 2023","1613034662062100480",2614
"Wed Jan 11 04:46:46 +0000 2023","1613034662053679104",43
"Wed Jan 11 04:46:46 +0000 2023","1613034661705547776",121
"Wed Jan 11 04:46:46 +0000 2023","1613034661055434752",287
"Wed Jan 11 04:46:46 +0000 2023","1613034661030268929",68
"Wed Jan 11 04:46:46 +0000 2023","1613034659318845442",32
"Wed Jan 11 04:46:46 +0000 2023","1613034659100721152",750
"Wed Jan 11 04:46:46 +0000 2023","1613034658811330560",32
"Wed Jan 11 04:46:46 +0000 2023","1613034658744369159",1350
"Wed Jan 11 04:46:45 +0000 2023","1613034657477722117",5243
"Wed Jan 11 04:46:44 +0000 2023","1613034654021582850",5
"Wed Jan 11 04:46:44 +0000 2023","1613034653857751041",7609
"Wed Jan 11 04:46:44 +0000 2023","1613034652704411650",4422
"Wed Jan 11 04:46:44 +0000 2023","1613034650867220482",20614
"Wed Jan 11 04:46:44 +0000 2023","1613034650213179393",0
"Wed Jan 11 04:46:43 +0000 2023","1613034649550200832",76
"Wed Jan 11 04:46:43 +0000 2023","1613034649508347906",8
"Wed Jan 11 04:46:43 +0000 2023","1613034649474990082",766
"Wed Jan 11 04:46:43 +0000 2023","1613034649210552320",2509
"Wed Jan 11 04:46:43 +0000 2023","1613034647868575744",399
"Wed Jan 11 04:46:43 +0000 2023","1613034647016951808",8978
"Wed Jan 11 04:46:43 +0000 2023","1613034646849323009",74
"Wed Jan 11 04:46:43 +0000 2023","1613034646530400258",7609
"Wed Jan 11 04:46:42 +0000 2023","1613034645913755648",365
"Wed Jan 11 04:46:42 +0000 2023","1613034645830107136",0
"Wed Jan 11 04:46:42 +0000 2023","1613034645548896257",0
"Wed Jan 11 04:46:42 +0000 2023","1613034645242929152",7
"Wed Jan 11 04:46:42 +0000 2023","1613034642482896896",4250
"Wed Jan 11 04:46:41 +0000 2023","1613034641648398338",0
"Wed Jan 11 04:46:41 +0000 2023","1613034641346396160",8978
"Wed Jan 11 04:46:41 +0000 2023","1613034640822140930",2524
"Wed Jan 11 04:46:41 +0000 2023","1613034639735808000",766
"Wed Jan 11 04:46:41 +0000 2023","1613034638703792129",4422
"Wed Jan 11 04:46:41 +0000 2023","1613034638661885958",581
"Wed Jan 11 04:46:41 +0000 2023","1613034638460477440",17
"Wed Jan 11 04:46:40 +0000 2023","1613034637353226240",383
"Wed Jan 11 04:46:40 +0000 2023","1613034635705077762",362
"Wed Jan 11 04:46:40 +0000 2023","1613034635361128454",1
"Wed Jan 11 04:46:40 +0000 2023","1613034635226918913",146
"Wed Jan 11 04:46:40 +0000 2023","1613034633557430272",433
"Wed Jan 11 04:46:39 +0000 2023","1613034632441651203",0
"Wed Jan 11 04:46:39 +0000 2023","1613034632081215488",10
"Wed Jan 11 04:46:39 +0000 2023","1613034630965497857",1947
"Wed Jan 11 04:46:39 +0000 2023","1613034630520922112",10
"Wed Jan 11 04:46:38 +0000 2023","1613034629027463169",2315
"Wed Jan 11 04:46:38 +0000 2023","1613034628708794369",0
"Wed Jan 11 04:46:38 +0000 2023","1613034628134342656",3
"Wed Jan 11 04:46:38 +0000 2023","1613034627438084101",5243
"Wed Jan 11 04:46:38 +0000 2023","1613034627433730049",0
"Wed Jan 11 04:46:38 +0000 2023","1613034626955583488",1
"Wed Jan 11 04:46:38 +0000 2023","1613034625894387713",3309
"Wed Jan 11 04:46:38 +0000 2023","1613034625055723520",7609
"Wed Jan 11 04:46:37 +0000 2023","1613034624271241217",383
"Wed Jan 11 04:46:37 +0000 2023","1613034624120127496",299
"Wed Jan 11 04:46:37 +0000 2023","1613034623025528834",146
"Wed Jan 11 04:46:37 +0000 2023","1613034621834256385",7609
"Wed Jan 11 04:46:37 +0000 2023","1613034621490401280",2981
"Wed Jan 11 04:46:36 +0000 2023","1613034619250802690",7609
"Wed Jan 11 04:46:36 +0000 2023","1613034619229831168",11
"Wed Jan 11 04:46:36 +0000 2023","1613034618357178368",208
"Wed Jan 11 04:46:36 +0000 2023","1613034616989913089",155
"Wed Jan 11 04:46:35 +0000 2023","1613034616138653699",30
"Wed Jan 11 04:46:35 +0000 2023","1613034615471480832",0
"Wed Jan 11 04:46:35 +0000 2023","1613034615324962816",766
"Wed Jan 11 04:46:35 +0000 2023","1613034615014559745",2352
"Wed Jan 11 04:46:35 +0000 2023","1613034612569305090",108
"Wed Jan 11 04:46:34 +0000 2023","1613034611847880704",110
"Wed Jan 11 04:46:34 +0000 2023","1613034611453628416",1947
"Wed Jan 11 04:46:34 +0000 2023","1613034610287419392",0
"Wed Jan 11 04:46:34 +0000 2023","1613034608987176962",882
"Wed Jan 11 04:46:34 +0000 2023","1613034608404365313",14
"Wed Jan 11 04:46:33 +0000 2023","1613034606650875905",0
"Wed Jan 11 04:46:33 +0000 2023","1613034605937926146",1968
"Wed Jan 11 04:46:33 +0000 2023","1613034605153783814",5
"Wed Jan 11 04:46:33 +0000 2023","1613034604109209602",1056
"Wed Jan 11 04:46:32 +0000 2023","1613034601764749312",41
"Wed Jan 11 04:46:32 +0000 2023","1613034601706065920",0
"Wed Jan 11 04:46:32 +0000 2023","1613034601504702464",4216
"Wed Jan 11 04:46:32 +0000 2023","1613034601324154880",2614
"Wed Jan 11 04:46:31 +0000 2023","1613034597767581696",7
"Wed Jan 11 04:46:31 +0000 2023","1613034596937134080",1276
"Wed Jan 11 04:46:31 +0000 2023","1613034596840374272",715
"Wed Jan 11 04:46:30 +0000 2023","1613034595494264834",8979
"Wed Jan 11 04:46:30 +0000 2023","1613034595443965954",77
"Wed Jan 11 04:46:30 +0000 2023","1613034595242610688",0
"Wed Jan 11 04:46:30 +0000 2023","1613034594554478593",19
"Wed Jan 11 04:46:30 +0000 2023","1613034593103548417",2426
"Wed Jan 11 04:46:29 +0000 2023","1613034591383601152",4423
"Wed Jan 11 04:46:29 +0000 2023","1613034591106768896",97
"Wed Jan 11 04:46:29 +0000 2023","1613034590545014784",2315
"Wed Jan 11 04:46:29 +0000 2023","1613034590033133570",0
"Wed Jan 11 04:46:29 +0000 2023","1613034589303316480",5534
"Wed Jan 11 04:46:29 +0000 2023","1613034588565299202",49
"Wed Jan 11 04:46:29 +0000 2023","1613034587860377602",5859
"Wed Jan 11 04:46:29 +0000 2023","1613034587562840065",17321
"Wed Jan 11 04:46:28 +0000 2023","1613034585725587456",21
"Wed Jan 11 04:46:28 +0000 2023","1613034584731488256",14
"Wed Jan 11 04:46:28 +0000 2023","1613034583917821954",8979
"Wed Jan 11 04:46:28 +0000 2023","1613034583527751685",1
"Wed Jan 11 04:46:27 +0000 2023","1613034582403649536",0
"Wed Jan 11 04:46:27 +0000 2023","1613034581699035136",0
"Wed Jan 11 04:46:27 +0000 2023","1613034579731927045",133
"Wed Jan 11 04:46:27 +0000 2023","1613034579685953537",6
"Wed Jan 11 04:46:27 +0000 2023","1613034578981318657",0
"Wed Jan 11 04:46:26 +0000 2023","1613034577295015937",835
"Wed Jan 11 04:46:26 +0000 2023","1613034576401539076",1095
"Wed Jan 11 04:46:25 +0000 2023","1613034572949909504",1
"Wed Jan 11 04:46:25 +0000 2023","1613034572702273539",1512
"Wed Jan 11 04:46:25 +0000 2023","1613034572010393600",4216
"Wed Jan 11 04:46:25 +0000 2023","1613034571943284736",2524
"Wed Jan 11 04:46:24 +0000 2023","1613034569791422464",383
"Wed Jan 11 04:46:24 +0000 2023","1613034569506390017",398
"Wed Jan 11 04:46:24 +0000 2023","1613034568973418501",3
"Wed Jan 11 04:46:24 +0000 2023","1613034567140802560",2981
"Wed Jan 11 04:46:24 +0000 2023","1613034566423289857",0
"Wed Jan 11 04:46:23 +0000 2023","1613034565634850820",2614
"Wed Jan 11 04:46:23 +0000 2023","1613034564825513984",382
"Wed Jan 11 04:46:23 +0000 2023","1613034564019945473",4319
"Wed Jan 11 04:46:23 +0000 2023","1613034563181092865",0
"Wed Jan 11 04:46:23 +0000 2023","1613034562778447872",0
"Wed Jan 11 04:46:23 +0000 2023","1613034562371682306",1947
"Wed Jan 11 04:46:22 +0000 2023","1613034562115731456",151
"Wed Jan 11 04:46:21 +0000 2023","1613034556097011717",0
"Wed Jan 11 04:46:21 +0000 2023","1613034555979567105",327
"Wed Jan 11 04:46:21 +0000 2023","1613034554805166085",0
"Wed Jan 11 04:46:21 +0000 2023","1613034554411089921",2315
"Wed Jan 11 04:46:21 +0000 2023","1613034554171727879",5
"Wed Jan 11 04:46:20 +0000 2023","1613034550417842176",19841
"Wed Jan 11 04:46:19 +0000 2023","1613034548698451969",2806
"Wed Jan 11 04:46:19 +0000 2023","1613034548308185090",322
"Wed Jan 11 04:46:19 +0000 2023","1613034546043449344",1351
"Wed Jan 11 04:46:18 +0000 2023","1613034544965324800",7609
"Wed Jan 11 04:46:18 +0000 2023","1613034544059514880",8979
"Wed Jan 11 04:46:18 +0000 2023","1613034542708686855",19
"Wed Jan 11 04:46:17 +0000 2023","1613034540737630208",1512
"Wed Jan 11 04:46:17 +0000 2023","1613034538053079040",0
"Wed Jan 11 04:46:17 +0000 2023","1613034537868742658",6
"Wed Jan 11 04:46:16 +0000 2023","1613034535993905153",263
"Wed Jan 11 04:46:16 +0000 2023","1613034535993880577",149
"Wed Jan 11 04:46:16 +0000 2023","1613034535050170368",1
"Wed Jan 11 04:46:16 +0000 2023","1613034533942853634",294
"Wed Jan 11 04:46:15 +0000 2023","1613034531128328193",2806
"Wed Jan 11 04:46:15 +0000 2023","1613034530444541953",2516
"Wed Jan 11 04:46:15 +0000 2023","1613034530209779713",20614
"Wed Jan 11 04:46:15 +0000 2023","1613034530079752192",5534
"Wed Jan 11 04:46:15 +0000 2023","1613034529165561859",110
"Wed Jan 11 04:46:15 +0000 2023","1613034528817414146",1162
"Wed Jan 11 04:46:14 +0000 2023","1613034527684698113",1
"Wed Jan 11 04:46:14 +0000 2023","1613034527651237888",8979
"Wed Jan 11 04:46:14 +0000 2023","1613034527512997888",581
"Wed Jan 11 04:46:14 +0000 2023","1613034526858510337",8979
"Wed Jan 11 04:46:14 +0000 2023","1613034526644764672",146
"Wed Jan 11 04:46:14 +0000 2023","1613034526564810753",15
"Wed Jan 11 04:46:14 +0000 2023","1613034526262919168",0
"Wed Jan 11 04:46:14 +0000 2023","1613034526112112647",41
"Wed Jan 11 04:46:14 +0000 2023","1613034525965299713",1
"Wed Jan 11 04:46:13 +0000 2023","1613034523989614592",1
"Wed Jan 11 04:46:13 +0000 2023","1613034523520012293",0
"Wed Jan 11 04:46:13 +0000 2023","1613034522857328640",924
"Wed Jan 11 04:46:13 +0000 2023","1613034521221382144",3843
"Wed Jan 11 04:46:11 +0000 2023","1613034515169148930",271
"Wed Jan 11 04:46:11 +0000 2023","1613034515106258944",2
"Wed Jan 11 04:46:11 +0000 2023","1613034514896355332",0
"Wed Jan 11 04:46:11 +0000 2023","1613034514850414593",4
"Wed Jan 11 04:46:11 +0000 2023","1613034514632298505",2315
"Wed Jan 11 04:46:11 +0000 2023","1613034514271600640",0
"Wed Jan 11 04:46:11 +0000 2023","1613034513474490368",0
"Wed Jan 11 04:46:10 +0000 2023","1613034511335567360",52
"Wed Jan 11 04:46:10 +0000 2023","1613034510521606146",0
"Wed Jan 11 04:46:10 +0000 2023","1613034510169559041",1
"Wed Jan 11 04:46:10 +0000 2023","1613034509443948548",4
"Wed Jan 11 04:46:10 +0000 2023","1613034508864872448",1947
"Wed Jan 11 04:46:10 +0000 2023","1613034508537708545",1947
"Wed Jan 11 04:46:10 +0000 2023","1613034507640385537",4423
"Wed Jan 11 04:46:09 +0000 2023","1613034506977509376",253
"Wed Jan 11 04:46:09 +0000 2023","1613034506533109762",0
"Wed Jan 11 04:46:09 +0000 2023","1613034506054930432",581
"Wed Jan 11 04:46:09 +0000 2023","1613034505119625217",829
"Wed Jan 11 04:46:09 +0000 2023","1613034504532393986",23
"Wed Jan 11 04:46:08 +0000 2023","1613034502934126592",132
"Wed Jan 11 04:46:07 +0000 2023","1613034498878308352",1
"Wed Jan 11 04:46:07 +0000 2023","1613034498731409408",8979
"Wed Jan 11 04:46:07 +0000 2023","1613034497917784064",274
"Wed Jan 11 04:46:07 +0000 2023","1613034497360166912",8979
"Wed Jan 11 04:46:07 +0000 2023","1613034495451746304",7
"Wed Jan 11 04:46:06 +0000 2023","1613034493924737024",0
"Wed Jan 11 04:46:06 +0000 2023","1613034493144883200",6
"Wed Jan 11 04:46:06 +0000 2023","1613034492939341825",287
"Wed Jan 11 04:46:06 +0000 2023","1613034491517325312",2021
"Wed Jan 11 04:46:05 +0000 2023","1613034490749943811",231
"Wed Jan 11 04:46:05 +0000 2023","1613034489827008512",287
"Wed Jan 11 04:46:05 +0000 2023","1613034489344557056",15
"Wed Jan 11 04:46:05 +0000 2023","1613034487453216769",92
"Wed Jan 11 04:46:05 +0000 2023","1613034487306412032",0
"Wed Jan 11 04:46:04 +0000 2023","1613034485792280576",50
"Wed Jan 11 04:46:04 +0000 2023","1613034484009693186",108
"Wed Jan 11 04:46:04 +0000 2023","1613034483443437568",0
"Wed Jan 11 04:46:04 +0000 2023","1613034483116130305",859
"Wed Jan 11 04:46:04 +0000 2023","1613034483003043841",3309
"Wed Jan 11 04:46:03 +0000 2023","1613034479206993921",660
"Wed Jan 11 04:46:03 +0000 2023","1613034478880051200",0
"Wed Jan 11 04:46:03 +0000 2023","1613034478821314560",1
"Wed Jan 11 04:46:03 +0000 2023","1613034478590644224",882
"Wed Jan 11 04:46:03 +0000 2023","1613034478535852032",0
"Wed Jan 11 04:46:02 +0000 2023","1613034476711415808",0
"Wed Jan 11 04:46:02 +0000 2023","1613034474790612992",216
"Wed Jan 11 04:46:02 +0000 2023","1613034474681372672",263
"Wed Jan 11 04:46:01 +0000 2023","1613034472760545282",0
"Wed Jan 11 04:46:01 +0000 2023","1613034472756154368",1351
"Wed Jan 11 04:46:01 +0000 2023","1613034470990352385",0
"Wed Jan 11 04:46:00 +0000 2023","1613034469811699714",0
"Wed Jan 11 04:46:00 +0000 2023","1613034469585485824",3
"Wed Jan 11 04:46:00 +0000 2023","1613034468016803841",363
"Wed Jan 11 04:46:00 +0000 2023","1613034467836190724",21
"Wed Jan 11 04:46:00 +0000 2023","1613034467655819264",18722
"Wed Jan 11 04:46:00 +0000 2023","1613034467412557825",2427
"Wed Jan 11 04:46:00 +0000 2023","1613034466636881920",4423
"Wed Jan 11 04:46:00 +0000 2023","1613034466460708864",0
"Wed Jan 11 04:45:59 +0000 2023","1613034463193079809",1
"Wed Jan 11 04:45:58 +0000 2023","1613034458571214848",537
"Wed Jan 11 04:45:58 +0000 2023","1613034457799221249",2806
"Wed Jan 11 04:45:57 +0000 2023","1613034456557977602",3843
"Wed Jan 11 04:45:57 +0000 2023","1613034455760871424",7609
"Wed Jan 11 04:45:57 +0000 2023","1613034455601496064",0
"Wed Jan 11 04:45:57 +0000 2023","1613034454796337152",83
"Wed Jan 11 04:45:56 +0000 2023","1613034452967649282",2488
"Wed Jan 11 04:45:56 +0000 2023","1613034452963278854",0
"Wed Jan 11 04:45:56 +0000 2023","1613034451910660097",383
"Wed Jan 11 04:45:56 +0000 2023","1613034451893891075",2488
"Wed Jan 11 04:45:56 +0000 2023","1613034450270683136",4216
"Wed Jan 11 04:45:56 +0000 2023","1613034449826115584",0
"Wed Jan 11 04:45:56 +0000 2023","1613034449364717575",0
"Wed Jan 11 04:45:55 +0000 2023","1613034448735588352",4
"Wed Jan 11 04:45:55 +0000 2023","1613034448391475201",7609
"Wed Jan 11 04:45:55 +0000 2023","1613034447733161984",1
"Wed Jan 11 04:45:55 +0000 2023","1613034446198026245",5243
"Wed Jan 11 04:45:54 +0000 2023","1613034443488333829",0
"Wed Jan 11 04:45:54 +0000 2023","1613034441835970560",66
"Wed Jan 11 04:45:54 +0000 2023","1613034440971751427",750
"Wed Jan 11 04:45:54 +0000 2023","1613034440632025090",0
"Wed Jan 11 04:45:53 +0000 2023","1613034439549898757",8979
"Wed Jan 11 04:45:53 +0000 2023","1613034437037461505",1351
"Wed Jan 11 04:45:53 +0000 2023","1613034436962168832",69
"Wed Jan 11 04:45:53 +0000 2023","1613034436836360192",1
"Wed Jan 11 04:45:52 +0000 2023","1613034435443855360",2614
"Wed Jan 11 04:45:52 +0000 2023","1613034434072309760",22
"Wed Jan 11 04:45:52 +0000 2023","1613034432415551488",3
"Wed Jan 11 04:45:51 +0000 2023","1613034432062955526",1
"Wed Jan 11 04:45:51 +0000 2023","1613034429517303808",62
"Wed Jan 11 04:45:51 +0000 2023","1613034428250615808",0
"Wed Jan 11 04:45:50 +0000 2023","1613034427524734979",0
"Wed Jan 11 04:45:50 +0000 2023","1613034427025883136",1512
"Wed Jan 11 04:45:50 +0000 2023","1613034426950160384",7722
"Wed Jan 11 04:45:50 +0000 2023","1613034425901584384",8979
"Wed Jan 11 04:45:50 +0000 2023","1613034425708838912",121
"Wed Jan 11 04:45:50 +0000 2023","1613034425037754374",0
"Wed Jan 11 04:45:50 +0000 2023","1613034423989202944",28
"Wed Jan 11 04:45:49 +0000 2023","1613034422428733440",0
"Wed Jan 11 04:45:49 +0000 2023","1613034422097379328",287
"Wed Jan 11 04:45:49 +0000 2023","1613034419962449921",1097
"Wed Jan 11 04:45:48 +0000 2023","1613034419350118401",3
"Wed Jan 11 04:45:48 +0000 2023","1613034418704384000",229
"Wed Jan 11 04:45:48 +0000 2023","1613034418427289600",2614
"Wed Jan 11 04:45:48 +0000 2023","1613034416485302280",390
"Wed Jan 11 04:45:47 +0000 2023","1613034412878270466",7610
"Wed Jan 11 04:45:47 +0000 2023","1613034411477569537",859
"Wed Jan 11 04:45:47 +0000 2023","1613034411292856320",0
"Wed Jan 11 04:45:46 +0000 2023","1613034409409630214",708
"Wed Jan 11 04:45:46 +0000 2023","1613034409158144001",7610
"Wed Jan 11 04:45:46 +0000 2023","1613034407408926720",0
"Wed Jan 11 04:45:45 +0000 2023","1613034406335111168",8
"Wed Jan 11 04:45:45 +0000 2023","1613034405316145153",0
"Wed Jan 11 04:45:45 +0000 2023","1613034405194534912",195
"Wed Jan 11 04:45:45 +0000 2023","1613034404624101376",7610
"Wed Jan 11 04:45:45 +0000 2023","1613034403545976833",482
"Wed Jan 11 04:45:45 +0000 2023","1613034403009110018",0
"Wed Jan 11 04:45:44 +0000 2023","1613034402006863873",151
"Wed Jan 11 04:45:44 +0000 2023","1613034401868419074",24
"Wed Jan 11 04:45:44 +0000 2023","1613034401776164864",4777
"Wed Jan 11 04:45:44 +0000 2023","1613034400467542018",0
"Wed Jan 11 04:45:44 +0000 2023","1613034399649660929",0
"Wed Jan 11 04:45:44 +0000 2023","1613034398894489600",0
"Wed Jan 11 04:45:43 +0000 2023","1613034397414100995",581
"Wed Jan 11 04:45:43 +0000 2023","1613034397413920770",121
"Wed Jan 11 04:45:43 +0000 2023","1613034397057310722",383
"Wed Jan 11 04:45:43 +0000 2023","1613034396340322305",0
"Wed Jan 11 04:45:43 +0000 2023","1613034395627290625",0
"Wed Jan 11 04:45:43 +0000 2023","1613034394834579457",0
"Wed Jan 11 04:45:42 +0000 2023","1613034393886511132",81
"Wed Jan 11 04:45:42 +0000 2023","1613034393777364993",889
"Wed Jan 11 04:45:42 +0000 2023","1613034393563447308",4424
"Wed Jan 11 04:45:42 +0000 2023","1613034392158638080",58
"Wed Jan 11 04:45:42 +0000 2023","1613034391025901568",390
"Wed Jan 11 04:45:41 +0000 2023","1613034388563890180",0
"Wed Jan 11 04:45:41 +0000 2023","1613034386466930688",4251
"Wed Jan 11 04:45:41 +0000 2023","1613034386114637825",750
"Wed Jan 11 04:45:40 +0000 2023","1613034385124499462",330
"Wed Jan 11 04:45:39 +0000 2023","1613034380410109958",3874
"Wed Jan 11 04:45:39 +0000 2023","1613034378736852993",20614
"Wed Jan 11 04:45:39 +0000 2023","1613034378380345349",1351
"Wed Jan 11 04:45:38 +0000 2023","1613034376702619654",186
"Wed Jan 11 04:45:38 +0000 2023","1613034376446767105",12968
"Wed Jan 11 04:45:38 +0000 2023","1613034376224464898",26
"Wed Jan 11 04:45:38 +0000 2023","1613034375607640064",6
"Wed Jan 11 04:45:38 +0000 2023","1613034375150505987",10
"Wed Jan 11 04:45:38 +0000 2023","1613034375020511232",1
"Wed Jan 11 04:45:38 +0000 2023","1613034374697746432",2
"Wed Jan 11 04:45:38 +0000 2023","1613034374697467905",2315
"Wed Jan 11 04:45:38 +0000 2023","1613034374273826818",8979
"Wed Jan 11 04:45:38 +0000 2023","1613034373938548736",2315
"Wed Jan 11 04:45:37 +0000 2023","1613034372382220294",299
"Wed Jan 11 04:45:37 +0000 2023","1613034371208077314",0
"Wed Jan 11 04:45:37 +0000 2023","1613034370759106560",7610
"Wed Jan 11 04:45:37 +0000 2023","1613034370318700545",0
"Wed Jan 11 04:45:37 +0000 2023","1613034369752391681",390
"Wed Jan 11 04:45:36 +0000 2023","1613034367990775809",191
"Wed Jan 11 04:45:36 +0000 2023","1613034367806496768",0
"Wed Jan 11 04:45:36 +0000 2023","1613034367604998144",2981
"Wed Jan 11 04:45:36 +0000 2023","1613034366682255362",7
"Wed Jan 11 04:45:36 +0000 2023","1613034365499461632",8979
"Wed Jan 11 04:45:36 +0000 2023","1613034365168275456",347
"Wed Jan 11 04:45:35 +0000 2023","1613034363993694210",15
"Wed Jan 11 04:45:35 +0000 2023","1613034362081267712",7610
"Wed Jan 11 04:45:35 +0000 2023","1613034361481314305",7610
"Wed Jan 11 04:45:34 +0000 2023","1613034360202231808",0
"Wed Jan 11 04:45:34 +0000 2023","1613034359761551361",9
"Wed Jan 11 04:45:34 +0000 2023","1613034359132672000",1
"Wed Jan 11 04:45:34 +0000 2023","1613034359019417603",892
"Wed Jan 11 04:45:34 +0000 2023","1613034357190426626",0
"Wed Jan 11 04:45:34 +0000 2023","1613034357131993089",386
"Wed Jan 11 04:45:34 +0000 2023","1613034356913610753",398
"Wed Jan 11 04:45:33 +0000 2023","1613034355152261120",23
"Wed Jan 11 04:45:32 +0000 2023","1613034351335178242",12
"Wed Jan 11 04:45:32 +0000 2023","1613034350320439298",3843
"Wed Jan 11 04:45:32 +0000 2023","1613034350144004098",7722
"Wed Jan 11 04:45:31 +0000 2023","1613034346688188416",2333
"Wed Jan 11 04:45:31 +0000 2023","1613034345723215872",218
"Wed Jan 11 04:45:31 +0000 2023","1613034345526083584",0
"Wed Jan 11 04:45:31 +0000 2023","1613034344888807424",0
"Wed Jan 11 04:45:31 +0000 2023","1613034344674742273",0
"Wed Jan 11 04:45:30 +0000 2023","1613034340987932673",239
"Wed Jan 11 04:45:30 +0000 2023","1613034340618997761",32
"Wed Jan 11 04:45:29 +0000 2023","1613034338391572481",4424
"Wed Jan 11 04:45:29 +0000 2023","1613034337234202624",226
"Wed Jan 11 04:45:29 +0000 2023","1613034336365989888",3843
"Wed Jan 11 04:45:29 +0000 2023","1613034336193839104",7610
"Wed Jan 11 04:45:29 +0000 2023","1613034336118542337",0
"Wed Jan 11 04:45:28 +0000 2023","1613034335552311297",2427
"Wed Jan 11 04:45:28 +0000 2023","1613034335069773825",13
"Wed Jan 11 04:45:28 +0000 2023","1613034334696374272",2614
"Wed Jan 11 04:45:28 +0000 2023","1613034334490923008",0
"Wed Jan 11 04:45:28 +0000 2023","1613034333484503040",15
"Wed Jan 11 04:45:28 +0000 2023","1613034333031235584",0
"Wed Jan 11 04:45:28 +0000 2023","1613034333001977856",882
"Wed Jan 11 04:45:28 +0000 2023","1613034331571625984",0
"Wed Jan 11 04:45:27 +0000 2023","1613034330674302977",8979
"Wed Jan 11 04:45:27 +0000 2023","1613034328904110080",7610
"Wed Jan 11 04:45:26 +0000 2023","1613034323963445248",7610
"Wed Jan 11 04:45:26 +0000 2023","1613034323724144641",1438
"Wed Jan 11 04:45:25 +0000 2023","1613034322893709312",2259
"Wed Jan 11 04:45:25 +0000 2023","1613034319181910016",0
"Wed Jan 11 04:45:24 +0000 2023","1613034318607298560",1634
"Wed Jan 11 04:45:24 +0000 2023","1613034318397423616",0
"Wed Jan 11 04:45:24 +0000 2023","1613034318217244672",83
"Wed Jan 11 04:45:24 +0000 2023","1613034317462265865",5117
"Wed Jan 11 04:45:24 +0000 2023","1613034316682137606",1947
"Wed Jan 11 04:45:23 +0000 2023","1613034313184079877",287
"Wed Jan 11 04:45:23 +0000 2023","1613034311527305217",581
"Wed Jan 11 04:45:23 +0000 2023","1613034310914686977",4424
"Wed Jan 11 04:45:22 +0000 2023","1613034309400801280",0
"Wed Jan 11 04:45:22 +0000 2023","1613034309295951875",4424
"Wed Jan 11 04:45:22 +0000 2023","1613034308599681029",0
"Wed Jan 11 04:45:22 +0000 2023","1613034306850488480",8
"Wed Jan 11 04:45:21 +0000 2023","1613034305977991169",105
"Wed Jan 11 04:45:21 +0000 2023","1613034305546227713",1512
"Wed Jan 11 04:45:21 +0000 2023","1613034305227300864",2981
"Wed Jan 11 04:45:21 +0000 2023","1613034305114222592",0
"Wed Jan 11 04:45:20 +0000 2023","1613034301905604609",24
"Wed Jan 11 04:45:20 +0000 2023","1613034301603385345",2157
"Wed Jan 11 04:45:20 +0000 2023","1613034300974178304",6
"Wed Jan 11 04:45:20 +0000 2023","1613034300512866304",259
"Wed Jan 11 04:45:20 +0000 2023","1613034299875524608",439
"Wed Jan 11 04:45:20 +0000 2023","1613034298973773825",882
"Wed Jan 11 04:45:20 +0000 2023","1613034298050842624",2981
"Wed Jan 11 04:45:20 +0000 2023","1613034298038419456",2524
"Wed Jan 11 04:45:19 +0000 2023","1613034297098739714",170
"Wed Jan 11 04:45:19 +0000 2023","1613034296939347970",383
"Wed Jan 11 04:45:19 +0000 2023","1613034296381431811",7610
"Wed Jan 11 04:45:19 +0000 2023","1613034295559614464",7722
"Wed Jan 11 04:45:19 +0000 2023","1613034295156776960",28920
"Wed Jan 11 04:45:18 +0000 2023","1613034293412139010",120
"Wed Jan 11 04:45:18 +0000 2023","1613034292250304512",4424
"Wed Jan 11 04:45:18 +0000 2023","1613034289695793152",0
"Wed Jan 11 04:45:17 +0000 2023","1613034289360150529",4
"Wed Jan 11 04:45:17 +0000 2023","1613034288739500032",793
"Wed Jan 11 04:45:17 +0000 2023","1613034287917416451",0
